title,date
Deal! 7 Bank Restui Restrukturisasi Utang Waskita Rp 22 T,26 August 2021 08:40
"Jokowi Longgarkan PPKM, Cek 8 Kabar Pasar Sebelum Trading!",24 August 2021 08:40
"Disuntik PMN Rp 7,9 T, Waskita Rampungkan 7 Ruas Tol",23 August 2021 10:45
"Jokowi Resmikan Tol Pulo Gebang, Saham Konstruksi 'Ngamuk'!",23 August 2021 10:39
"Target Dividen BUMN Rp 35 T di 2022, Saham BUMN Menarik Gak?",19 August 2021 11:20
"Bukalapak hingga Bank Mini, Saham 12 Emiten Kena ARB Mania!",16 August 2021 17:45
"Saham REAL-ICON Melesat di Awal Pekan, WSKT-BUKA Anjlok!",16 August 2021 16:20
"Butuh Duit, Waskita Karya Mau Rights Issue 24,5 Miliar Saham",16 August 2021 09:12
"Kabar Hari Ini: Kongsi Grup Salim-Emtek, IPO Bank Digital BCA",13 August 2021 08:29
"Molor nih, Waskita Targetkan Jual 5 Ruas Tol di Akhir Tahun",12 August 2021 18:35
"Siap-siap! Waskita Mau Rights Issue & Obligasi Rp 17,5 T",12 August 2021 17:40
"Divestasi Tol, Bikin Waskita Laba Rp 33 M dari Rugi Rp 1,3 T",12 August 2021 10:30
Erick Buka-bukaan soal Faedah Suntikan PMN 2021-2022 Rp 106 T,30 July 2021 14:43
"Tok! BEI Cabut Saham PBRX, SRIL & WSBP dari Pantauan Khusus",28 July 2021 15:58
"Saham Konstruksi 'Ngegas', Bisa Reli Panjang Ga Nih?",27 July 2021 10:59
"Gagal Cuan! 10 Saham Ini Tekor Gede Sejak Januari, UNVR-WIKA",23 July 2021 06:51
Terungkap! Ini yang Menjadi Pemicu Saham Konstruksi Melesat,22 July 2021 10:06
"Telkom Dekati SpaceX, Cek Rentetan 10 Aksi Korporasi Emiten!",22 July 2021 08:55
"Saham WSKT-KRAS 'Menggila', MEDC-GGRM kok Nyungsep?",21 July 2021 16:25
"WSKT Jual Ruas Tol Cibitung Rp 2,5 T, Kurangi Beban Utang",21 July 2021 14:55
"Saham-saham Konstruksi Mulai Bergerak Liar, Ada Apa?",21 July 2021 09:49
"5 Kreditor WSKT Sepakat Restruturisasi Utang, Ini Rinciannya",21 July 2021 09:31
"Saham Emiten Erick Thohir Ngacir, Saat IHGS Drop Nyari 1%",19 July 2021 16:50
Deal! 5 Kreditor Restui Restrukturisasi Utang Waskita Rp 19 T,16 July 2021 14:34
"Kasus Covid Tambah 56.000, Ini Dia Bocoran Saham Prospek Cuan",16 July 2021 08:04
"Disuntik dengan PMN, Harga Saham BUMN Ijo Royo-royo",15 July 2021 10:29
"Covid 'Meledak', DPR Desak Erick Tambah PMN BUMN Kesehatan",14 July 2021 19:49
Ini Hasil Lengkap Rapat Erick Thohir & DPR soal PMN Rp 106 T,14 July 2021 19:28
Tok! Suntikan PMN buat 12 BUMN Rp 106 T Disetujui DPR,14 July 2021 18:17
"Di DPR, Erick Sebut 12 BUMN Disuntik PMN Rp 72 T, Ini Listnya",14 July 2021 17:08
"Simak 7 Kabar dari Emiten, Sebelum Borong Saham Cuan",09 July 2021 08:40
"Waskita Terlilit Utang Rp 90 T, Wamen: 6 Ruas Tol Akan Dijual",08 July 2021 15:40
"Wamen Curhat, Kondisi BUMN Karya 'Ngenes' Terlilit Utang",08 July 2021 12:39
"Sempat Gak Bergairah, 11 Saham Konstruksi Melesat Berjamaah!",01 July 2021 10:37
"Kantongi Rp 2 T, Waskita Jual Ruas Tol Semarang & Cinere",01 July 2021 09:50
Cek 8 Kabar Pasar Ini! Rugi APLN hingga Restrukturisasi WSKT,01 July 2021 08:24
"Utang 'Segunung', WSKT Restrukturisasi Utang Cucu Usaha Rp8 T",30 June 2021 10:40
"Sheikh Abu Dhabi Bikin Masjid Gede di Solo, Ini Penampakannya",22 June 2021 13:25
"Saham Konstruksi WIKA-ADHI dkk Ambruk, Apa Pemicunya ya?",21 June 2021 10:07
"Dapat Rp 377 M dari Terregra, WSKT Bangun PLTM Batang Toru",14 June 2021 08:57
Erick Kawinkan BUMN RI dengan BUMN China Garap Infrastruktur,07 June 2021 12:35
"Disaksikan Luhut & Erick, BUMN RI & China Teken Kerja Sama",06 June 2021 19:40
"Kode Keras dari Erick, Bikin Saham Konstruksi Bergerak Liar",04 June 2021 10:14
10 Informasi Patut Anda Baca Buat Serok Cuan Hari Ini,04 June 2021 08:10
"Deal! Waskita Restrukturisasi Utang Rp 4,5 T Jadi 14 Tahun",03 June 2021 15:40
"Kode Keras dari Erick, Konsorsium INA SWF Masuk ke Jalan Tol",03 June 2021 14:27
Bingung Cari Cuan Habis Libur? Cek Saham-saham Pilihan Ini,27 May 2021 08:18
"Pak Erick, Saham BUMN Diborong Investor & Bawa IHSG Melesat",25 May 2021 13:39
"Mulai Liar Lagi, Saham WSKT Dkk Dapat Angin Segar dari INA",24 May 2021 09:40
"Saham Konstruksi BUMN 'Pesta Pora', BP Jamsostek Masuk ke SWF",18 May 2021 09:52
"Jelang Idul Fitri, Saham-saham Konstruksi Ambruk Berjamaah",11 May 2021 12:57
"Oalah Saham 'Milik' Raffi Ahmad Jawara Lagi, WIIM-ABBA Drop!",04 May 2021 12:55
"Tunggu Kepastian INA Caplok Ruas Tol, Saham WIKA Dkk Melempem",04 May 2021 10:08
Sah! Waskita Restrukturisasi Utang dari bank bjb Rp 998 M,03 May 2021 20:41
Wow! PLN-Telkom Kolaborasi Bangun Jaringan Telekomunikasi,28 April 2021 16:23
"IHSG Rebound, Jangan Kelewat Pantau Saham-saham Prospek Cuan!",28 April 2021 08:13
"Mumpung Lagi Anyep, Yuk Cek Saham-saham Prospek Cuan Ini!",27 April 2021 08:34
"WSKT-BKSL Ngamuk, Giliran Saham ASSA-LPPF Ambruk!",26 April 2021 12:30
Ada Kabar Baik? Saham WSKT & WSKT Cs Melesat Pagi Ini,26 April 2021 10:00
Waskita Cuan Berapa Jual Tol Medan-Kualanamu? Ini Bocorannya,23 April 2021 18:30
Waskita Lepas 30% Saham Tol Medan-Kualanamu Rp 824 M,23 April 2021 12:15
Dear Market! Cek nih 9 Kabar Emiten Terbaru Sebelum Cari Cuan,21 April 2021 08:14
"Erick Rombak Komisaris-Direksi WSKT, Eks Stafsus Jokowi Masuk",20 April 2021 12:12
"Saham Konstruksi Dilirik Lagi Gaes Saat IHSG Merah, Ada Apa?",19 April 2021 10:04
"Kalau Ngomongin Utang, Ternyata BUMN Rajanya",16 April 2021 15:15
"Masih Pagi! Saham WSKT-PTPP cs Gacor, Inikah Pemicunya?",16 April 2021 10:03
"Balik Arah, Ada Angin Segar Saham BUMN Karya Kembali Hiaju",15 April 2021 10:58
"Pantau 8 Kabar Pasar 'Hot' Ini, BRI hingga Wulan Guritno",15 April 2021 08:55
"Ini Alasan Beban Pegawai Waskita Melesat Meski Rugi Rp 7,4 T",14 April 2021 13:58
"Rugi Rp 7 T, Gaji Pegawai Waskita Tak Naik, Pangkas Tunjangan",14 April 2021 11:34
Balas Dendam! Saham WSKT Cs Kompak Menghijau,14 April 2021 10:26
"Dear Sobat Market, Ada 7 Kabar Pasar 'Hot', Freeport-Waskita!",14 April 2021 08:50
"Simak 7 Kabar Ini, Penting untuk Cari Cuan dari Saham",14 April 2021 08:44
"Lepas Ruas Tol Semarang & Cinere, Waskita Kantongi Rp 2 T",13 April 2021 14:34
"Sesi I Hari Ini, Asing Lepas BBCA-BBRI, Koleksi TBIG-WSKT",13 April 2021 12:46
"Ramai-ramai Saham Konstruksi Ambruk, Apa Pemicunya?",13 April 2021 10:15
"Ada Investor Arab di Tol, Saham Konstruksi BUMN Masih Merah",12 April 2021 09:55
"Saham WSKT-PTPP Cs Menghijau, Begini Jeroan Bisnisnya!",09 April 2021 10:35
Bos Waskita Curhat: Soal Utang Menggunung & Rugi Rp 7 T,09 April 2021 09:00
"Belum Move On, Saham BUMN Karya Terjungkal Saat IHSG Hijau",08 April 2021 09:46
"Belum Bayar Utang & Digugat PKPU, Ini Respons Waskita Beton",07 April 2021 17:20
"Saham Bank Hary Tanoe Jawara, Saham Emiten Erick Pecundang",07 April 2021 16:03
"Saham Emiten Suaminya Puan Melesat, WSKT-WSBP Ambruk!",07 April 2021 12:30
"Kena Dead Cat Bounce, Saham-Saham BUMN Karya Ambruk Lagi",07 April 2021 09:49
"Saham BUMN Konstruksi Rebound, Ada Ancaman Dead Cat Bounce",06 April 2021 17:10
"Banjir Proyek Pemerintah, Saham BUMN Karya Masih Aja Jeblok",06 April 2021 12:25
"Kinerja 4 BUMN Karya Berdarah-darah, Masa 'Disuntik' Melulu?",06 April 2021 12:20
"Waskita Beton Digugat PKPU, Sahamnya Langsung Ambruk!",06 April 2021 11:17
"Astaga! Waskita Beton Digugat PKPU, Berapa Utangnya?",06 April 2021 10:27
"Nasib Saham Konstruksi BUMN, Masih Diobral karena Utang Jumbo",06 April 2021 10:02
"Mudik Resmi Dilarang, Bagaimana Nasib Saham Emiten Jalan Tol?",06 April 2021 08:20
"Wall Street Terus Cetak Rekor, IHSG Kapan Gak Tekor?",06 April 2021 06:50
Top Gainers-Losers Hari Ini: Saham BUMN Karya & SRIL Ambruk!,05 April 2021 17:19
"Saham BUMN Karya Kena Double Jab, ARB & Diobral Asing",05 April 2021 16:12
"Rugi Rp 7 T, Biaya Pegawai Waskita Malah Membengkak di 2020",05 April 2021 13:29
"Duh! WSKT-WIKA Cs Kompak ARB, Saham Grup Lippo Teratas",05 April 2021 12:43
"Dahlan: BUMN Karya Bernafas di Kerongkongan, Ini Faktanya",05 April 2021 12:11
"Parah! Disentil Dahlan, Saham Konstruksi BUMN ARB Berjamaah",05 April 2021 11:24
"Disebut Dahlan Berkinerja Parah, Saham BUMN Konstruksi Ambles",05 April 2021 09:42
Dahlan Iskan & Alarm Kebangkrutan BUMN Karya yang Berbunyi!,04 April 2021 08:40
"Disorot Dahlan Iskan, Begini Parahnya Kinerja BUMN Karya",03 April 2021 15:10
"Dahlan: BUMN Karya Haus Sampai Kerongkongan, Bakal Bangkrut?",02 April 2021 18:20
"Awas Saham IPO 'Kolesterol', Saham WSKT-Emiten Bakrie Ambruk!",01 April 2021 12:23
Besok Libur! Jangan Kelewat Cek Saham-saham Pilihan Hari Ini,01 April 2021 08:35
"Simak 9 Kabar Ini, Semoga Tak Ada April Mop Saat Cari Cuan",01 April 2021 08:29
"Bye Maret! INCO-TINS Jatuh, Deretan Saham Ini Tercuan Sebulan",01 April 2021 07:10
"Rugi 7,4 Triliun di 2020, Modal & Kas Waskita Karya Menguap",31 March 2021 21:19
Menteri PUPR Basuki: Rumah Saya Kena Gusur!,31 March 2021 20:31
"Bos Waskita Karya Ungkap Penyebab Rugi Besar Rp 7,4 T di 2020",31 March 2021 20:12
"Program 1 Juta Kompor Listrik, Erick Thohir: RI Hemat Rp 60 T",31 March 2021 19:00
"Geber Program 1 Juta Kompor Listrik, PLN Gandeng 9 BUMN Karya",31 March 2021 18:40
"IHSG Jatuh! 374 Saham Ambruk, WSKT-MARI Jadi Top Losers",30 March 2021 16:39
"Sadis! Saham TKIM-PTPP Diobral, BACA Naik Daun Lagi",30 March 2021 12:20
Saham WSKT-WIKA dkk Kompak Bonyok! Ini Pemicunya,30 March 2021 10:09
"Raja Nyungsep Hari Ini ANTM & Kena ARB, tapi IKAN kena ARA",29 March 2021 15:53
"Kuartet Saham Konstruksi BUMN Jeblok Parah Sebulan, Ada Apa?",29 March 2021 13:29
"Duh! WSKT-WIKA Babak Belur, Masih Ada Harapan Gak Sahamnya?",29 March 2021 12:23
"9 Kabar Pasar Saham yang Sayang Dilewatkan, Simak Bro-Sis!",29 March 2021 09:40
"Waduh Pandemi 2020! Waskita Cetak Rugi Bersih Rp 7,4 T",26 March 2021 14:31
"Wapres Ma'ruf Amin Blusukan ke Proyek PTPP Cs, Ada Apa ya?",23 March 2021 10:18
"Apa Kabar Saham-saham Mansurmology, Sudah Cuan Berapa ya?",18 March 2021 13:20
"Dear Investor Saham WSKT dkk, Ada Kabar Baik dari Jokowi nih!",17 March 2021 12:40
"Gokil! Tiba-tiba Saham WSKT dkk Terbang, Ada Apa Gerangan?",17 March 2021 10:10
"Ganti Pengurus RUPS BNI & PTBA, Ada Direksi Dicopot Erick?",16 March 2021 16:12
"WSKT Operasikan Becakayu Seksi IA, Bekasi-Priok Kian Dekat",16 March 2021 13:32
"Lepas Tol Medan ke Investor Hong Kong, WSKT Dapat Rp 824 M",09 March 2021 14:40
"Ngiler Dana SWF, BUMN Karya Siapkan Proyek untuk Divestasi",08 March 2021 19:35
"Sebelum Trading, Intip 8 'Gosip' Pasar Dulu! Ada ISAT-Kaesang",04 March 2021 08:30
"Geber Proyek Ibu Kota Baru, WSKT Bangun Jargas Rumah Tangga",03 March 2021 12:05
Awas Jangan Korupsi! 27 BUMN Ini Sudah Diawasi KPK,02 March 2021 17:53
"Deretan Sektor dengan Rasio Utang Segunung, Ini Alasannya!",23 February 2021 14:24
"Ini Alasan Saham Konstruksi Masih Oke, Meski Utang Segunung!",19 February 2021 14:25
"Siap-siap IHSG ke 6.450, Cekidot Saham-saham Pilihan Ini!",18 February 2021 08:15
Mau Banget Beli Saham Konstruksi? Cek Dulu Rekomendasinya,17 February 2021 12:22
"Magic SWF Mulai Hilang, Saham Konstruksi Mulai Loyo",17 February 2021 10:11
"Ada SWF Jangan Gelap Mata Beli Saham Konstruksi, Cek Valuasi!",17 February 2021 08:12
"Ada SWF, Begini Analisa Broker Asing untuk Saham Konstruksi",16 February 2021 14:43
"SWF Jokowi Full Team, Saham Emiten Konstruksi Ngamuk!",16 February 2021 11:42
"Simak Saham Pilihan Hari Ini, Saat 'Bandar' Sedang Tarik Cuan",16 February 2021 08:15
Wamen BUMN: Transaksi 9 BUMN di Pasar Digital Tembus Rp 11 T,15 February 2021 13:53
"Diborong Investor, Saham Konstruksi Pelat Merah Melesat",15 February 2021 13:04
"Waskita Dapat Restu Kreditur untuk Restrukturisasi Rp 2,72 T",15 February 2021 09:45
Besok Imlek! Ya Ampun....Saham ADHI dkk Merosot,11 February 2021 09:50
"Cari Cuan Jelang Imlek, Simak Sederet Saham Pilihan Ini",11 February 2021 08:25
"Gandeng TOA Jepang, Waskita Beton Bidik Kontrak Baru Rp 7,8 T",10 February 2021 09:32
Simak 9 Kabar Pasar: Ada Jiwasraya & Bank Digital AGRO,10 February 2021 08:19
"Anak Usaha Waskita Karya Bidik Kontrak Baru Rp 7,88 T",09 February 2021 21:05
"Asing Obral 3 Saham BUMN Konstruksi, Serok Cuan Dulu!",09 February 2021 10:39
"Berburu Cuan Jelang Imlek, Simak Sederet Saham Pilihan Ini",09 February 2021 08:15
"Kabar Baik dari Airlangga, Saham WSKT-ADHI dkk Unstoppable!",09 February 2021 06:20
"SWF RI Banyak Peminat, Saham Konstuksi BUMN Pesta Pora",08 February 2021 13:29
"Belum Capek Nanjak Bro-Sis, Saham WSKT-ADHI Cs Unstoppable!",03 February 2021 10:58
"Bikin Senewen! 12 Saham Kena ARB, Kebanyakan BUMN",29 January 2021 06:48
Aksi Obral Saham Bikin IHSG Ambles Lebih dari 1%,28 January 2021 09:08
"Terbang Gegara SWF, Saham Konstruksi Masih Layak Serok?",28 January 2021 08:52
"Cuan, Cuan, Cuan! 11 Saham Ini Ngamuk, BUMN Karya Top",28 January 2021 06:45
"Dewas SWF Dilantik Jokowi, Saham Konstruksi to The Moon",27 January 2021 17:15
"Dibumbui Sentimen SWF, Masih Menarikkah Saham Konstruksi?",26 January 2021 18:05
Ini Rincian Tol Kayu Agung-Palembang yang Diresmikan Jokowi,26 January 2021 13:53
"Saham Mau Ijo-Merah, Ini Prinsip Penganut Aliran Mansurmology",26 January 2021 11:13
"Dari WSKT Sampai ANTM, Inilah 9 Kabar Korporasi Pekan ini",24 January 2021 15:20
"Parah! IHSG 'Kebakaran', Saham-saham BUMN Dominasi ARB Club",22 January 2021 16:43
"Garap Tol Sepanjang 1.087 KM, Waskita Butuh Dana Rp 20 T",22 January 2021 11:20
"SWF Jokowi Segera Dirilis, kok Saham 4 BUMN Karya Ambruk?",22 January 2021 10:10
"BRI Rombak 4 Direksi, Nasabah Kresna Life Stres & Depresi",22 January 2021 08:16
"Disorot Erick, WSKT Siap Selesaikan Restrukturisasi Utang Q1",21 January 2021 20:17
Bos Waskita Beberkan Calon tol yang Siap Dilego ke SWF,21 January 2021 18:15
Punya Saham TLKM? Simak Bos Telkom Bocorin Platform Baru & 5G,21 January 2021 15:35
"Disebut Erick, Sejumbo Apa Utang PTPN, BUMN Karya & KAI?",21 January 2021 14:06
"Pejabat SWF Jokowi Diumumkan, Saham Konstruksi Terbang!",21 January 2021 10:15
"Silahkan Baca 6 Kabar Pasar, Penting Buat Serok Saham Cuan",21 January 2021 08:49
"Erick Sebut 3 BUMN Punya Utang Tinggi: PTPN, BUMN Karya & KAI",20 January 2021 15:55
"'Dibeking' Yusuf Mansur & LKH, Saham Grup MNC Terbang!",20 January 2021 12:48
Ciee...Yusuf Mansur Ikut Lo Kheng Hong Borong Saham Grup MNC,20 January 2021 08:35
"Tolong! Daftar 26 Saham Kena ARB Kemarin, Saham Kamu Ada Gak?",20 January 2021 06:36
"Diobral Investor, Saham WIKA ADHI Dkk Ambles & Dekati ARB",19 January 2021 10:08
"Nasib IHSG Hari Ini Menurut Pelaku Pasar, Ada Bad News?",19 January 2021 08:54
"Bursa RI Bakal Menguat, Mau Cuan? Cek Dulu Sederet Saham Ini",19 January 2021 08:32
"Corona Bikin IHSG Ciut, Cek Dulu Saham Potensi Cuan Hari Ini!",18 January 2021 08:29
Waskita Akhiri Pemeringkatan dengan Fitch Ratings,16 January 2021 09:31
"SWF Jokowi di Depan Mata, Saham Konstruksi Ngamuk Lagi!",15 January 2021 13:59
Deretan Saham 'Pelat Merah' yang Bikin Bangga Wamen BUMN,14 January 2021 19:07
"Geber Proyek Pemerintah, Waskita Bidik Kontrak Baru Rp 31 T",13 January 2021 13:22
Bos Waskita: SWF Darah Baru untuk Bisnis Infrastruktur RI,13 January 2021 11:17
"10 Saham Paling Ramai Trading Sepekan, Lah kok BUMN Semua?",11 January 2021 07:52
Gokil! Sepekan Bisa Cuan 80% dari Saham Ini,09 January 2021 21:00
"Ada Sinyal IHSG Rebound, Ini Pilihan Saham Cuan Hari Ini",07 January 2021 08:47
"Cek! 10 Saham Tercuan-Terboncos, Ada yang 2 Hari Melesat 69%",07 January 2021 06:39
"Waskita Karya & TGRA Kerja Sama Proyek EBT Senilai Rp 12,5 T",06 January 2021 11:05
"Baca Dulu 7 Informasi Penting Ini, Sebelum Serok Cuan",06 January 2021 08:39
"Waskita-Terregra Duet Garap Proyek EBT Jumbo, Rp 12,5 T",06 January 2021 08:15
"Untung Gede Sehari, 5 Saham Ini Cuan Double Digit!",06 January 2021 06:38
Tolong Pak Erick! Karyawan BUMN Ini 8 Bulan Belum Gajian,05 January 2021 13:39
"Mansurmology Sebut Waskita Teken Proyek EBT Rp 12 T, Beneran?",05 January 2021 15:18
"Kasihan... Tak Bisa Diakses, Situs Istaka Karya Belum Bayar",05 January 2021 14:22
Terungkap! Manajemen Istaka Karya Akui 8 Bulan Belum Gajian,05 January 2021 14:09
Tolong Pak Erick! Karyawan BUMN Ini 8 Bulan Belum Gajian,05 January 2021 13:39
"Waskita Jual 11 Ruas Tol, Crazy Rich RI Ini Masuk Bisnis Emas",30 December 2020 11:24
"Bye-bye 2020! Ini Rapor 4 BUMN Konstruksi, Ada yang Cuan 200%",30 December 2020 09:10
Bingung Pilih Saham Apa di Hari Terakhir? Ini Rekomendasinya,30 December 2020 08:17
Catat! PTPP Dapat Sentimen Super Positif dari SWF Awal 2021,29 December 2020 20:10
Erick Tunjuk Timses Mantu Jokowi Jadi Komisaris Anak BUMN,29 December 2020 18:35
"Waskita Siap Lepas 11 Ruas Tol di 2021 via SWF, Bidik Rp 31 T",29 December 2020 18:15
'Sabda' Mansurmology: Pegangin Saham Waskita-Adhi Karya!,29 December 2020 12:24
Rencana Besar SWF Jokowi: Ekspansi ke Proyek Luar Negeri!,28 December 2020 14:47
Saham Anak BUMN Konstruksi Ngamuk! Ada Apa nih?,28 December 2020 09:49
Belvin Sebut SWF Jadi Sentimen Super Positif Saham WSBP,26 December 2020 11:04
Bakal Ada Menteri Baru! Cek Dulu Saham-saham Pilihan Hari Ini,22 December 2020 08:23
"Disenggol Mansurmology, Saham Konstruksi Gila-gilaan!",21 December 2020 14:38
"Digoyang Sentimen Materai Ceban, Cek Dulu Saham Pilihan Ini!",21 December 2020 08:22
"Berburu Saham Cuan Gokil Lagi, Ini Sederet Pilihannya",18 December 2020 09:04
"Jokowi Bikin Saham ADHI-WSKT Cs Melesat, Masih Layak Koleksi?",18 December 2020 07:35
"Minggir Semua, 10 Saham Ini Cuan Gede! Ada Grup Bakrie",18 December 2020 06:40
"Saham Konstruksi & Semen 'Kerasukan', Ternyata Gegara Ini Toh",17 December 2020 10:19
Top! 3 Saham BUMN Konstruksi Diburu Investor Meski IHSG Merah,04 December 2020 10:22
Ini 11 Ruas Tol Waskita yang Bakal Dilepas Seharga Rp 11 T,02 December 2020 12:32
Ini 10 Kabar yang Patut Disimak Sebelum Pilih Saham Cuan,02 December 2020 08:28
"Incar Rp 11 T, Waskita Karya Bakal Divestasi 9 Ruas Tol",01 December 2020 15:10
"Covid-19 Bikin Kacau, 6 Saham Ini Hancur Lebur & Hampir ARB",01 December 2020 06:21
Mansurmology: Yusuf Mansur Bicara Saham BUMN Karya Nih,30 November 2020 14:42
"Pakai Precast Waskita Beton, Bangun Rumah Selesai Sebulan",30 November 2020 08:54
"Biar Update, Simak 10 Kabar dari Aksi Korporasi Emiten",26 November 2020 08:37
"Hingga Oktober, Waskita Karya Kantongi Kontrak Baru Rp 15 T",25 November 2020 19:40
"Tak Peduli Menteri Edhy Ditangkap KPK, Saham BUMN Meroket",25 November 2020 11:15
"Luhut Bawa Oleh-oleh Rp 28 T, Bikin Saham Konstruksi Terbang",24 November 2020 11:18
"Saham ADHI dkk Cuan Gede, Gegara Luhut Bawa Pulang Rp 28 T?",24 November 2020 08:19
"Kala Yusuf Mansur Main Saham BRIS & Garuda, Bidik Mana Lagi?",21 November 2020 10:22
"Izin 5 Broker Saham Dicabut BEI, Sentul City Digugat PKPU",20 November 2020 08:23
Waskita Toll Road Raih Rp550 M dari Emisi RDPT Infrastruktur,19 November 2020 12:06
"Ajak Anak Muda Melek Saham, Ini 3 Sektor Pilihan Yusuf Mansur",19 November 2020 10:32
"Wow! Emiten Konstruksi Ngamuk Lagi, Saham-saham Ini Pelakunya",17 November 2020 09:53
"10 Saham Ini Untung Gede Kemarin, Ada 6 Saham Konstruksi!",17 November 2020 06:50
Saham Jalan Tol Ngamuk! Efek Yusuf Mansur atau Joglosemar?,16 November 2020 12:22
"Jokowi Geber Pembangunan Tol, Saham Konstruksi Beterbangan",16 November 2020 10:02
"Usai BRI Syariah & Garuda, Yusuf Mansur Bidik Saham-saham Ini",16 November 2020 07:30
"10 Saham Ini ""Kesetanan"" Pekan Lalu, Ada 5 BUMN Gengs!",16 November 2020 06:45
BUMN Karya Gencar Kejar Proyek Hingga ke Luar Negeri,12 November 2020 17:25
"10 Saham BUMN Ini Ngamuk, Efek Mansurmologi atau Erickmologi?",10 November 2020 07:55
"Biden Unggul, Ini 5 Saham yang Dikoleksi & Dilepas Asing",06 November 2020 06:22
"IHSG 'Pesta Pora' Biden Bakal Menang, Terbang Nyaris 2%",05 November 2020 12:08
Lagi! Erick Tunjuk Relawan Jokowi Jadi Komisaris PT PELNI,02 November 2020 18:37
"OJK Cabut Izin Perusahaan Sandi-Rosan, Hero dkk Cetak Rugi Q3",02 November 2020 09:15
"Bosque! Simak 10 Saham Tercuan di Oktober, Ada BRIS & ANTM",02 November 2020 07:18
"Tahun Ini Waskita Karya Lepas 2 Ruas Tol, Mana Saja?",28 October 2020 08:40
Catat! 1 dari 4 Anak Usaha Waskita Karya Bakal IPO di 2021,27 October 2020 20:50
"Penantian Waskita, Dana Abadi akan Bantu Divestasi Ruas Tol",27 October 2020 17:22
"Investor Borong Saham Waskita dkk Saat IHSG Merah, Ada Apa?",22 October 2020 09:48
Diam-diam Saham Waskita Melesat 35% & Diborong Asing,14 October 2020 10:53
"Saham Konstruksi Jadi Idola, Mulai Diborong Asing & Cuan Gede",14 October 2020 09:22
UU Ciptaker Jokowi Bikin Saham Konstruksi BUMN Cuan Gede,09 October 2020 17:00
Fitch Ubah Rating Perusahaan Ini jadi CCC+,08 October 2020 12:19
Sudah Berapa BUMN yang Pengurusnya Dirombak Erick Thohir?,25 September 2020 18:45
"Sebelum Cari Cuan, Simak Dulu 10 Kabar Pasar ""Hot"" Ini!",22 September 2020 08:30
"Proyek Fiktif Disidik KPK, WSKT Jelaskan Dampak ke Kinerja",21 September 2020 13:52
"Jual 30% Saham Tol Becakayu Jadi RDPT, Waskita Raih Rp 550 M",03 September 2020 10:13
"Ramai Emiten Jual Aset, Ada Apa Ini?",02 September 2020 14:40
"Modal Kerja, Waskita Suntik Utang Waskita Toll Road Rp 4,5 T",31 August 2020 15:29
"Jatuh Tempo Oktober 2020, Waskita Siap Bayar Obligasi Rp2,5 T",25 August 2020 11:57
"8 Investor Siap Beli Tol WSKT, Kookmin Bakal Pegang 67% BBKP",25 August 2020 08:04
"Wah, 8 Calon Investor Jajaki Beli 2 Ruas Tol Waskita Rp 6 T",24 August 2020 17:03
"Ambruk Lagi, 3 Tahun Ada 8 Kecelakaan di Proyek Waskita Karya",19 August 2020 19:18
"Konstruksi Tol Cibitung Ambruk, Begini Nasib Saham WSKT-WSBP",18 August 2020 14:18
"Ya Ampun, Utang Luar Negeri BUMN Menggunung Sampai Rp 874 T",15 August 2020 06:06
Seberapa Menarik 3 Anggota Baru Indeks LQ45?,07 August 2020 07:28
Hati-hati Trading! 5 Saham Ini Babak Belur Kemarin,05 August 2020 06:15
"Sempat Tertunda, Waskita Beton Akhirnya Bayar Bunga Obligasi",04 August 2020 09:49
"Bakal Ada 3 Penghuni Baru, Ini Dia 5 Saham Jawara Indeks LQ45",30 July 2020 14:27
"Gagal Bayar Bunga Obligasi, Saham WSBP Disuspensi Bursa",30 July 2020 11:39
"Gagal Bayar Bunga Obligasi, Ini Penjelasan Waskita Beton",30 July 2020 11:06
"Derita WSBP: Dirut Ditangkap, Kupon Obligasi Gagal Bayar!",30 July 2020 09:20
"Waduh, Waskita Beton Gagal Bayar Bunga Obligasi",30 July 2020 07:31
"Himbara Sudah Salurkan Rp 32 T, Laba BCA Capai Rp 12,2 T",28 July 2020 09:20
"Didepak dari LQ45, Saham WSKT, LPPF & BRPT Rontok!",27 July 2020 11:02
"Duh! Ada Kasus Proyek Fiktif, Saham WSBP & WSKT Babak Belur",27 July 2020 09:59
"BRPT, LPFF & WSKT Terlempar dari IDX30, Siapa Penggantinya?",27 July 2020 07:53
"Ini Dia 3 Saham Penghuni Baru LQ45, BRPT, WSKT & LPPF Didepak",27 July 2020 07:25
"Dirut Ditangkap KPK, Begini Gerak Saham WSBP",24 July 2020 10:12
"Tersangka KPK, Ini Profil Desi Arryani eks Bos Jasa Marga",23 July 2020 18:57
Bos WSBP Dijemput Paksa & Jadi Tersangka Korupsi WSKT,23 July 2020 18:46
"Jerat Eks Bos JSMR, Ini Fakta-fakta Proyek Fiktif WSKT",23 July 2020 18:32
"Proyek Fiktif WSKT, KPK Tetapkan Eks Bos JSMR Jadi Tersangka",23 July 2020 18:19
"Aduh, Utang Luar Negeri BUMN Makin Meroket!",18 July 2020 06:50
"Tok! DPR Restui Kucuran Dana Rp 151,1 T ke BUMN Ini",15 July 2020 18:19
DPR Panggil Erick Thohir Bahas Dana Talangan Hingga PMN 2020,15 July 2020 14:11
DPR Panggil Bos BUMN Penerima Suntikan Modal Rp 143 T,14 July 2020 20:21
"Erick Thohir Diam-diam ke KPK, Demi Jaga Rp 143 T Dana BUMN",11 July 2020 18:40
"Erick Thohir, KPK, dan Pengamanan Uang Rp 143 T",10 July 2020 08:10
"Erick Thohir Sowan ke KPK, Saham Garuda, KRAS & KAEF Melesat!",09 July 2020 19:03
"Diam-diam ke KPK, Ini Daftar BUMN yang Dikawal Erick Thohir",09 July 2020 06:33
Jreeeng... Diam-diam Erick Thohir Sambangi KPK Demi Rp 143 T,08 July 2020 17:27
"Erick Thohir ke KPK, Konsultasi Dana PEN untuk BUMN Rp 143 T",08 July 2020 15:18
"Semester I-2020, Semua Saham BUMN Merah & Ada yang Drop 52%",02 July 2020 10:14
"Jababeka Rugi, Garuda Rugi, Laba KFC Ambles di Q1",02 July 2020 08:25
"Ayo-ayo.. Dijual Nih Tol Waskita Rp 7 T, Silakan yang Minat",01 July 2020 21:05
Jadi Berapa Utang Pemerintah ke Wika & Waskita Karya?,01 July 2020 15:33
"DPR Pertanyakan 14 Proyek Fiktif Waskita, Diperiksa KPK?",01 July 2020 14:42
"Pengusaha: BUMN Mudah Dapat Triliunan, Swasta Survive Sendiri",24 June 2020 11:58
"7 BUMN Tekor Ini Disentil Sri Mulyani, 2 Mulai Cetak Laba Nih",23 June 2020 14:55
"BUMN Dapat Rp 143,6 T, Setoran Dividen Tahun Depan akan Seret",23 June 2020 10:54
"DPR Panggil Bos-bos BUMN, Bahas Dana PEN Rp143,63 Triliun",22 June 2020 16:21
"Sentimen Negatif Bertebaran, IHSG Susah Rebound",11 June 2020 12:42
"Harga 4 Saham BUMN Karya Meroket, Siapa Terbaik?",08 June 2020 12:32
"Erick Rombak Direksi BUMN Karya, Mal Siap Buka 15 Juni",08 June 2020 08:35
"Wijaya Karya RUPS Hari Ini, Erick Bakal Copot Direksi?",08 June 2020 08:25
"Erick Tunjuk Destiawan Jadi Dirut Waskita, Fadjroel Komisaris",05 June 2020 19:16
"Jadi Bos Hutama Karya, Ini Sepak Terjang Budi Harto",05 June 2020 16:30
Saham 4 BUMN Karya Terbang! Ternyata Ini Penyebabnya,05 June 2020 10:52
"Usai ADHI & PTPP, Siap-siap Erick Rombak Pengurus WSKT & WIKA",05 June 2020 07:24
"IHSG Loyo, 5 Saham BUMN LQ45 Ini Terbang Diborong Asing",04 June 2020 15:50
"Anies Longgarkan PSBB DKI, Begini Gerak IHSG di Sesi II",04 June 2020 13:00
"Rating WSKT & BNLI Dipangkas, Pengelola Mal Siap Buka Lagi",04 June 2020 08:15
"Kontrak Baru Turun, Fitch Pangkas Rating Waskita Jadi Negatif",03 June 2020 19:18
"Tak Mau Ketinggalan, Saham 'Raja' Konstruksi Ikut Melambung",02 June 2020 11:50
"Ramai, Cerita Sinarmas Asset vs Bibit hingga Bank Digital BCA",29 May 2020 08:09
"Urgent! Butuh Dana Segar, Waskita Jual 3 Ruas Tol Tahun Ini",28 May 2020 17:48
"Ditopang Asing, IHSG Sesi II Bakal Anteng di Zona Hijau",28 May 2020 13:20
"Vaksin Corona Ditemukan, Simak Saham-saham Potensial Hari Ini",20 May 2020 08:42
"Duh, Utang Luar Negeri BUMN Bengkak Akibat Infeksi Corona!",15 May 2020 16:06
"Segera Cair, BUMN Konstruksi Bakal Disuntik Rp 12,6 T",15 May 2020 12:35
"IHSG Rentan Tertekan, tapi Pasti Ada Saham 'Murah' Hari Ini",14 May 2020 08:45
"Banyak Proyek Ditunda, Emiten BUMN Karya Revisi Kontrak Baru",13 May 2020 13:57
"Arus Kas Tergerus, Sederet Emiten Ini Kena Downgrade",13 May 2020 11:29
"Di Luar PMN, 8 BUMN akan Terima Rp 26 T dari Pemerintah",13 May 2020 11:05
"Meski Mudik Dilarang, Tol Japek Selatan Disiapkan Fungsional",12 May 2020 17:27
"Penjualan Ritel Kontraksi, IHSG Masih Ngos-ngosan di Sesi II",12 May 2020 13:22
"Waspada! Sesi II IHSG Berpotensi Terkoreksi, Kenapa?",11 May 2020 12:30
"Menanti Rilis PDB, Simak Saham Pilihan Hari Ini",05 May 2020 08:57
"Ini 10 Saham LQ45 Terburuk Saat Covid-19, Ada yang Drop 72%",04 May 2020 14:55
"Begini Rapor 13 Saham BUMN di LQ45, Ada yang Melesat 24%",29 April 2020 07:32
"Performa Saham BUMN di LQ45 Saat Corona, Siapa Terbaik?",28 April 2020 15:14
"Bisnis Jalan Tol Masih Tangguh di Q1-2020, tapi Was-was di Q2",28 April 2020 10:21
Cuan di Akhir Pekan? Simak Deretan Saham Pilihan Ini,17 April 2020 08:19
"Jangan Ketinggalan, Simak Saham Pilihan Hari Ini!",15 April 2020 08:23
"Jelang Libur Paskah, Simak Dulu Saham Pilihan Hari Ini",09 April 2020 08:38
Fantastis! 5 Saham LQ45 Melesat 30% Lebih dalam Sepekan,07 April 2020 09:17
"IHSG Bisa Terbang Lagi, Simak Saham Pilihan Hari Ini",07 April 2020 08:52
"Semalam Wall Street Pesta Pora, Reli IHSG Bakal Berlanjut",07 April 2020 08:13
"Ditopang Kabar dari BI, IHSG Terus Nyaman di Zona Hijau",06 April 2020 13:59
"IHSG Masih Ragu Tentukan Arah, Simak Saham Pilihan Hari Ini",02 April 2020 08:40
"Masih Bertenaga, IHSG Sesi II Masih Kuat Lari Kencang",27 March 2020 13:29
"Bursa Saham Bearish, Erick: Belum Semua BUMN Buyback",20 March 2020 14:15
"Bank Boleh Restrukturisasi Kredit, 161 Saham Dekati ARB",20 March 2020 09:04
"Pendapatan Turun, Laba Bersih Waskita Anjlok 76% di 2019",19 March 2020 17:22
Tenang! Pemerintah Siapkan 2.000 Kamar untuk Pasien Corona,19 March 2020 15:40
Bablas! 10 Saham di LQ45 Anjlok 50% Lebih,18 March 2020 09:54
"Jangan Ketinggalan, Ini Daftar Emiten yang Lakukan Buyback",17 March 2020 09:08
"Awas Kena ARB, 170 Saham Ambles lebih dari 6% & Ada BUMN Juga",16 March 2020 14:54
"IHSG Ambles 10%, Ini 3 Saham Blue Chip Paling Buntung",14 March 2020 18:24
"Mari Tenang, Yuk Pilih Saham Rekomendasi Broker Hari Ini",13 March 2020 08:41
Area Pivot 4.994 Jadi Penentu Arah Gerak IHSG Hari Ini,13 March 2020 08:03
"IHSG Rontok, 10 Saham Ini Anjlok di Atas 10% Sehari",12 March 2020 18:22
Saham Drop 10% kok Belum Kena Auto Reject? Ini Penjelasan BEI,12 March 2020 10:12
"Ada Auto Reject Asimetris, kok 5 Saham LQ45 Drop 10% Lebih?",12 March 2020 09:55
IHSG Jebol! Saham Emiten Konstruksi Kompak Ambruk,12 March 2020 09:21
"BCA Dapat 2 Direksi Baru, Citos Mau Dijual Demi Jiwasraya",12 March 2020 08:24
"12 BUMN Diklaim Bakal Buyback Saham, BEI: Belum Ada Info!",11 March 2020 19:40
"Laba Waskita Beton Ambles 27% di 2019, Sahamnya pun Jatuh",11 March 2020 16:19
"12 BUMN Buyback, Sahamnya Ada yang Anjlok 42%",11 March 2020 13:41
"Pak Erick, 'Jamu' Buyback Kurang Ampuh buat 8 Saham BUMN",11 March 2020 13:11
"12 BUMN Siap Buyback Saham, Begini Alasan Lengkapnya",11 March 2020 12:09
IHSG Rentan! Wamen BUMN Dorong Dapen & Taspen Masuk ke Pasar,11 March 2020 10:12
"Dapat Restu Buyback, kok Banyak Saham BUMN Malah Tumbang?",11 March 2020 09:34
"Simak Gerak Saham 7 Emiten BUMN Ini, Berpotensi Buyback!",11 March 2020 07:36
"Tunggu Stimulus dari Negara Maju, Penguatan IHSG Tertahan",10 March 2020 17:03
"7 BUMN Ini Berpotensi Buyback, Bakal ke Mana Gerak Sahamnya?",10 March 2020 16:17
Joss Pak Erick! 12 Saham BUMN yang Buyback Naik 4% Lebih,10 March 2020 13:55
"12 BUMN Siap Buyback, IHSG Mulai Pede di Sesi I",10 March 2020 12:48
"12 BUMN Ini Siap Buyback Rp 8 T, Jangan Ketinggalan!",10 March 2020 10:55
"Panik Corona & Perang Minyak, 15 Saham LQ45 Drop 10%",09 March 2020 17:23
Harap Tenang! Kementerian BUMN Pertimbangkan Buyback Saham,09 March 2020 12:51
"Cuan di Awal Pekan, Simak Rekomendasi Saham Hari Ini",09 March 2020 08:29
"Astra Mau Beli Tol, hingga Bangkok Bank Incar 1 Bank RI Lagi",06 March 2020 08:24
Astra Jajaki Akuisisi 2 Ruas Tol Milik Waskita Karya,05 March 2020 15:58
"Ada Kabar Sejumlah BUMN Mau Buyback Saham, Jangan Ketinggalan",02 March 2020 10:25
"Masuk Maret, Saham Apa Saja yang Direkomendasikan Broker?",02 March 2020 08:12
"IHSG Terendah Sejak November 2018, Ini Saham Pilihan Broker",26 February 2020 08:49
"Bukan Soal Rugi, Ini Alasan Erick Panggil Direksi BUMN Karya",25 February 2020 18:33
"KRAS Bakal Jadi Holding, Jiwasraya Bakal Disuntik Rp 15 T?",25 February 2020 08:54
"Saham Waskita Terjun Bebas 6,52%, WSBP Cetak Rekor Terendah",24 February 2020 17:07
"Dirut-Komut BNI Dirombak, 5 Anak Usaha Garuda Mau Ditutup",21 February 2020 08:55
Waskita Toll Road Bakal Lepas 4 Ruas Tol Tahun Ini,20 February 2020 10:43
"Investor Borong Saham Konstruksi, Ada Apa?",19 February 2020 13:36
"Likuidasi Reksa Dana Minna Padi, Layak Ditadah karena Murah?",19 February 2020 12:09
"IHSG Menguji Level 5.900, Simak Saham Pilihan Broker Ini",19 February 2020 08:38
"Bangun Proyek Jokowi, Utang 4 BUMN Karya Tembus Rp 218,88 T",18 February 2020 19:03
"Kinerja Hutama Karya Kalahkan ADHI, WIKA & PTPP",18 February 2020 14:37
"Ramai Emco Asset Management, Simak Kinerja Reksa Dananya",18 February 2020 10:38
"IHSG Berpeluang Menguat, Apa Saja Saham Pilihan Hari Ini?",11 February 2020 08:39
Ini Sejumlah Kabar Korporasi yang Terjadi Pekan Lalu,10 February 2020 08:49
"Prospek Dipangkas, Rating Waskita Tak Lagi Digarap Pefindo",07 February 2020 14:57
"IHSG Mulai Pede, Simak Rekomendasi Saham Pilihan Ini",06 February 2020 08:53
"Sebulan IHSG Memerah, Ini 10 Saham yang Sudah Murah!",05 February 2020 07:20
"Emco Belum Kelar, OJK Kini Bidik Perusahaan MI Lainnya",05 February 2020 06:55
"Sst...Tak Hanya Emco, OJK Juga Bidik Manajer Investasi Lain",04 February 2020 17:55
"Harga Saham Anak BUMN Berguguran, Tugu Insurance Defensif",04 February 2020 12:29
"Duh! IHSG Ambles Lagi Nih, Turun Hampir 1%",30 January 2020 15:02
"Masih Dihantui Corona, Saham Apa yang Layak Pilih Hari Ini",30 January 2020 08:39
IHSG Mau Rebound nih! Cek Deretan Saham Pilihan Ini,29 January 2020 08:41
"Ramai Rilis Obligasi, 3 Saham Masuk Indeks LQ45 Terbaru",28 January 2020 08:33
"IHSG Loyo, 12 Saham Liquid Ambles ke Level Terendah 2020",28 January 2020 07:07
"Bursa Ambles, Harga Saham WSBP Cetak Rekor Terendah Sejak IPO",27 January 2020 16:49
"Skandal Jiwasraya Jadi Perhatian, Begini Kabar Terbarunya",21 January 2020 08:39
"Rupiah Menguat, Simak nih Saham-saham yang Diuntungkan",20 January 2020 11:16
"Wah, OSO Sekuritas Lepas Gadai Saham TOPS & IKAI dkk",14 January 2020 15:06
"Cuan di Awal Pekan, Ini Deretan Saham Pilihan Broker",06 January 2020 08:34
"Jelang Natal, Cekidot Saham-saham Potensi Cuan Ini",23 December 2019 08:51
"Waskita Jamin Tol Japek Aman, Berapa Kecepatan Maksimal?",20 December 2019 11:17
"Transaksi Jumbo CITA, Saham BCA Tembus Rekor Baru!",19 December 2019 07:42
Bos Waskita Toll: Investor Hanya Mau di Ruas-Ruas Tol 'Basah',18 December 2019 16:24
Jadi Kapan Waskita Toll Road Siap IPO di Bursa?,18 December 2019 14:37
"Divestasi 2 Tol & Dapat Rp 2,5 T, Waskita Cicil Utang",18 December 2019 12:38
"Sah! Waskita Jual 2 Ruas Tol Rp 2,5 T ke Investor Hong Kong",18 December 2019 10:48
"Cari Cuan Akhir Pekan, Simak Rekomendasi Saham dari Broker",13 December 2019 08:20
BUMN Ramai-ramai Rilis Global Bond di 2020,12 December 2019 15:22
"Baru Awal, Erick Rombak Pejabat di 6 BUMN & Bongkar 85 Hotel",11 December 2019 06:47
Jokowi: Proyek Infrastruktur Jangan Semuanya Diambil BUMN!,10 December 2019 17:12
"Tren Hijau IHSG Terbatas, Saham Apa yang Cuan Hari Ini?",09 December 2019 08:28
Wah! Ternyata Ada BUMN Non-Hotel yang Kelola Hingga 10 Hotel,05 December 2019 15:14
Pabrik Baja Waskita Karya Gunakan Teknologi Eropa Terbaru,04 December 2019 13:15
"Api Perang Dagang Kian Menjalar, IHSG 'Kebakaran'",04 December 2019 12:53
Likuidasi 6 Reksa Dana Minna Padi Bakal Bikin IHSG Goyang?,03 December 2019 22:08
"Kisruh Reksa Dana, Sederet Saham BUMN Diobral Asing",02 December 2019 11:34
Bangun Jalan Tol Pakai Obligasi atau RDPT? Bisa kok,29 November 2019 10:58
"Capek Dijual Asing Terus-terusan, IHSG Besok Mau Balas Dendam",27 November 2019 19:32
Ini Dia Saham Pilihan Broker,26 November 2019 08:30
"Tak Seperti Bursa Asia, No Happy Weekend Buat IHSG",22 November 2019 16:38
"Sinyal Holding BUMN Karya Batal, Saham BUMN Konstruksi Ambles",22 November 2019 11:36
"Cucu & Cicit Bejibun, Tapi Banyak Tak Dukung Bisnis Inti BUMN",22 November 2019 10:06
Ini Sederet Aksi Korporasi jadi Pertimbangan Trading Saham,22 November 2019 08:33
Duh! Erick & Basuki Rupanya Tak Setuju Holding BUMN Karya,22 November 2019 06:33
"Erick Mau Rombak Jajaran Komisaris, Saham BUMN Melempem",21 November 2019 14:48
"Menteri Basuki Ogah Teken Holding BUMN Karya, Kenapa?",21 November 2019 12:55
"Demi Proyek Tol Listrik Sumatera, Waskita Dirikan Pabrik Baja",21 November 2019 11:49
"China Pangkas Suku Bunga, Simak Saham Pilihan Hari Ini",19 November 2019 08:44
"Gagal Bayar Rp 177 M, Penjualan Reksa Dana Narada Disetop OJK",15 November 2019 15:35
"Satu Dekade jadi Pasien PPA, Nindya Karya Bakal IPO 2022",15 November 2019 12:35
"Bareksa Suspensi 2 Produk Reksa Dana Narada, Ada Apa?",15 November 2019 09:25
"Jelang Akhir Pekan, Yuk Simak Saham Pilihan Broker",15 November 2019 08:58
"Jokowi Gelar Sidang TPA, Mari Tilik Kinerja BUMN 9M-2019",12 November 2019 12:24
"IHSG Rentan Koreksi, Simak Deretan Saham Pilihan Broker Ini",12 November 2019 08:42
"Harap-harap Cemas AS-China, Yuk Pilih Saham untuk Hari Ini",11 November 2019 08:48
"Ekonomi RI Tumbuh 5,02%, Simak Saham Pilihan untuk Hari Ini",06 November 2019 08:45
"Tertekan Beban di Q3, Laba Anak Usaha Waskita Ambles 42%",05 November 2019 13:17
Malaysia Cabut dari Cipali: Ini Tol-Tol akan Jatuh ke Asing!,01 November 2019 08:04
"Kuartal III-2019, Waskita Karya Raih Kontrak Baru Rp 15,12 T",31 October 2019 14:28
Di Periode Kedua Jokowi Bakal Banyak Tol Dilepas ke Asing,30 October 2019 18:01
"Duh! Sudah Ada 2 Wamen, 12 Saham BUMN Malah Koreksi",28 October 2019 14:54
"Tersandung Dugaan Korupsi Proyek, Bagaimana Nasib Saham WSKT?",28 October 2019 12:44
"Serap Capex Rp 677 M di Q3, WSBP Bidik Kontrak Rp 10,3 T",24 October 2019 15:40
"Periode I Jokowi, Utang BUMN Meningkat Pesat Lho",17 October 2019 14:44
"Penguatan IHSG Mulai Terbatas, Simak Saham Berikut",17 October 2019 08:16
"Trump Ultimatum China, Simak Saham Pilihan Rabu Ini",16 October 2019 08:21
"Utang Luar Negeri BUMN Naik 40% Setahun, Sudah Kebablasan?",15 October 2019 16:17
"TLKM Hingga ANTM, Simak Saham Pilihan Broker",10 October 2019 07:58
"Tunda Obligasi, Bagaimana Nasib Tumpukan Utang Waskita?",08 October 2019 17:34
"Kejar Tagihan & Tunda Obligasi, Saham WSKT Jadi Incaran",08 October 2019 14:47
"Utang Menumpuk, WSKT Kejar Tagihan Rp 24 T Sampai Akhir 2019",08 October 2019 11:41
"IHSG Potensi Rebound di Akhir Pekan, Coba Cek Saham-saham Ini",04 October 2019 08:32
"Saham Infrastruktur & Properti Melesat, Sinyal Mulai Pulih?",02 October 2019 17:34
"Wah, Tol Milik Waskita Dilego ke Konglomerasi Hong Kong",01 October 2019 16:37
Basuki: Ada Kabar Bagus Soal Penjualan Tol Waskita,01 October 2019 13:49
"Emisi Obligasi Korporasi Capai Rp 87 T, Mau Nyusul Rp 22 T",27 September 2019 12:29
"Potensial, WSKT Kesemsem Proyek Kereta Cepat Jakarta-Surabaya",26 September 2019 17:52
"Utang Menumpuk, WSKT Percepat Tarik Piutang & Jual Ruas Tol",26 September 2019 15:38
"Ibu Kota Baru, Ini Deretan Proyek yang Siap Digarap Waskita",26 September 2019 12:57
"IHSG Catatkan Hat Trick Melemah Lagi, Waspada Penurunan Esok",23 September 2019 18:40
"Tak Ada Ampun, Hari Ini Asing Obral Saham Rp 290 M",23 September 2019 17:13
"Hubungan AS-China Merenggang, IHSG Ditutup Memerah",23 September 2019 16:43
"Duh! Utang BUMN Menggunung dalam 5 Tahun, Naik 10 Kali",21 September 2019 15:36
"Utang BUMN Jadi Sorotan Moody's, Begini Penjelasan Direksi",17 September 2019 13:20
"Kacau! Dalam 5 Tahun, Utang Emiten BUMN Melesat 10 Kali",17 September 2019 12:28
"Gawat! Utang BUMN Kian Bengkak, Garuda & KRAS Jadi Sorotan",17 September 2019 08:24
"Ada Sentimen Resesi, Simak Saham Pilihan Broker Berikut Ini",10 September 2019 08:51
Simak Aksi Emiten Sepanjang Perdagangan Kemarin,10 September 2019 07:14
3 Direksi Ini Boncos Saat Investasi di Saham WSBP,09 September 2019 15:37
Drama Sepekan: Merger Axiata Batal hingga Sumitomo vs OCBC,09 September 2019 08:49
"Bangun Transmisi 500 KV, Waskita Tambah Utang Rp 3,5 T",06 September 2019 18:50
"September Ceria, Simak Saham Pilihan Broker Hari Ini",02 September 2019 08:19
"Fitch: Utang BUMN Karya Terdongkrak, Perlu Pembayaran Segera",28 August 2019 19:03
"Utang BUMN Karya Menggunung, Lalu Selanjutnya Apa?",25 August 2019 15:59
"Tunggu Suku Bunga Acuan, Simak Saham Pilihan Broker Ini",22 August 2019 08:43
"Simak Kabar WSKT Divestasi Tol, Hingga Rencana Akuisisi PTPP",21 August 2019 08:33
"Indeks Masih Deg-degan, Simak Saham Pilihan Broker Hari Ini",21 August 2019 08:30
"Utang Menggunung, Waskita Siap Cari (Lagi) Mitra Strategis",20 August 2019 16:20
"Didesak Jual Aset, Waskita Siap Turunkan Rasio Utang",20 August 2019 15:22
"Tak Cuma Trans Jawa, Tol Becakayu pun Jadi Aset Reksa Dana",20 August 2019 14:25
"Utang Menggunung, Waskita Karya Harus Divestasi 5 Ruas Tol",20 August 2019 14:08
"Utang BUMN Karya Menggunung, Perlukah Jual Aset?",20 August 2019 13:31
Mau Hadir Paparan Publik Live? Catat Jadwal 8 Emiten Hari Ini,20 August 2019 06:20
"8 Emiten Babon Paparan Publik, Simak Saham Pilihan Hari Ini",19 August 2019 08:22
"Yuk Disimak, Saham Pilihan Broker Hari Ini",19 August 2019 08:21
"Potensi Net Sell Tinggi, Simak Rekomendasi Saham Hari Ini!",15 August 2019 08:56
"Tol Trans Sumatera: Beres di Aceh, Alot di Padang-Sicincin",08 August 2019 17:58
"Demi Holding jadi BUMN Karya, Ini Persiapan Hutama Karya",08 August 2019 15:25
"Saat IHSG Tak Bersahabat, Apa Saja Saham Pilihan Broker?",07 August 2019 08:28
"Banyak Proyek Infrastruktur, Tak Semua Emiten Karya Menikmati",06 August 2019 17:15
"IHSG Jatuh 2 Hari, Cuan Emiten BUMN Amblas Rp 101 T",06 August 2019 10:34
"IHSG Sepekan Naik Tipis, 2 Saham Ini Meroket!",03 August 2019 18:32
"Dikeluarkan dari LQ45, Tiga Emiten Ini Sahamnya Berguguran",26 July 2019 19:21
Streaming! Ini Strategi Waskita Toll Road Mencari Pendanaan,21 July 2019 15:15
"Tunggu Rilis Bunga Acuan BI, Ini Saham Rekomendasi Broker",18 July 2019 08:20
"Waskita akan Jual Lima Tol, Dua Ruas Tuntas Agustus",17 July 2019 15:48
"Selain BCA & BRI Rekor Lagi, Simak 4 Aksi Korporasi Emiten",16 July 2019 08:07
"Jual Ruas Tol, Waskita akan Lepas ke Investor Asing",15 July 2019 18:58
"Tol Cinere-Serpong Sempat Mangkrak, Bagaimana Progresnya?",12 July 2019 13:48
"Softex Incar Dana Rp 7 T dari Bursa, BRI & BCA Pecah Rekor",12 July 2019 08:02
"Waskita Raih Kontrak Baru Rp 7,2 T, Sahamnya Amblas",11 July 2019 10:31
"Biar Tidak Kudet, Ini Aksi Korporasi yang Patut Disimak",11 July 2019 08:51
"Duit Proyek Rp 33 T Bakal Masuk, Saham Waskita Diburu Asing",10 July 2019 15:04
Apa Benar Sektor Konstruksi Menarik di Semester 2?,08 July 2019 12:04
"Obligasi BUMN Konstruksi Tembus Rp 24 T, Siapa Paling Gede?",05 July 2019 15:04
"Mandiri Incar Bank Luar Negeri, Utang Indosat 'Numpuk'",05 July 2019 08:31
"Utang Menggunung, Waskita Karya Beri Penjelasan",04 July 2019 15:19
"Demi Infrastruktur Jokowi, Surat Utang BUMN Karya Rp 27 T",04 July 2019 13:05
Duh! Emiten Karya Butuh Ratusan Tahun Lunasi Tumpukan Utang,04 July 2019 07:54
"Utang BUMN Karya Tambah Rp 169 T, Waskita Paling Besar",03 July 2019 18:51
"Periode I Jokowi, Utang BUMN Karya Bertambah Rp 169 T Lebih",03 July 2019 13:40
"Infrastruktur Digenjot, Waskita Cs Masuk Radar Broker Asing",02 July 2019 13:14
"Listrik PJU LRT Diputus, Waskita Bantah Bertanggung Jawab",02 July 2019 11:44
"Hingga Juni, Waskita Beton Raih Kontrak Baru Rp 3,04 T",01 July 2019 09:51
"AS-China Damai, Simak Saham-saham Pilihan di Awal Juli",01 July 2019 08:59
Siap-Siap! Obligasi WSBP Mulai Ditawarkan Besok,27 June 2019 12:43
"Dari BSDE Hingga AALI, Simak Saham Rekomendasi Broker",13 June 2019 08:45
"Asing Mulai Balik Lagi, Simak Deretan Saham Pilihan Hari Ini",28 May 2019 08:59
"Hingga April, Adhi Karya Raih Kontrak Baru Rp 3,9 T",16 May 2019 09:59
Perang Dagang Dimulai! Simak Rekomendasi Saham Pilihan Broker,14 May 2019 08:24
"24 Emiten Kena Sanksi BEI, Bukit Asam Lego Saham Treasuri",10 May 2019 07:56
Waskita Karya Bagi Dividen Rp 990 M & Ganti Direktur,09 May 2019 13:54
"Selamat! Waskita Beton Layak Investasi, tapi Outlook Negatif",08 May 2019 15:21
"Hari Pertama Ramadan, Simak Rekomendasi Saham dari Broker",06 May 2019 08:30
"Tahun Pilpres, Emiten Infrastruktur Mana yang Melempem di Q1?",02 May 2019 15:22
"Sempat Terseok-Seok, IHSG Naik Tipis Penutupan Sesi I",29 April 2019 12:58
"Mari Simak, BCA Hingga Astra Direkomendasikan Broker",26 April 2019 08:23
"Utang Membengkak, Rating Waskita & Wika Berpotensi Dipangkas?",24 April 2019 15:58
"IHSG Punya Peluang Rebound, Ini Rekomendasi Sahamnya",23 April 2019 08:17
"Adhi Karya Raih Kontrak Rp 3 T di Q1, Siapa Klien Terbesar?",22 April 2019 17:44
"Dari AKRA hingga BBCA, Simak Saham Pilihan Awal Pekan Ini!",22 April 2019 08:35
"Ada Jokowi Effect, DBS Prediksi IHSG Tembus Level 6.900",20 April 2019 17:21
"Jokowi Effect, IHSG Diprediksi Senggol Level 7.100 Tahun Ini",18 April 2019 19:41
"Jokowi Menang Quick Count, Saham BUMN Konstruksi Melesat!",18 April 2019 11:07
"Jokowi Bakal 2 Periode, Asing Borong Saham Lebih Rp 1 T",18 April 2019 09:39
"Jokowi Unggul Quick Count, Saham Ini Layak Diborong",17 April 2019 18:28
"Sepekan sebelum Pemilu, Ini 5 Saham LQ45 Paling Cuan",17 April 2019 11:58
"Apapun Hasil Pilpres, Ini Sektor Saham yang Layak Dicermati",15 April 2019 17:39
"Bergerak Liar Sesi I, Begini Valuasi Saham Konstruksi",15 April 2019 13:43
"Saham-saham Emiten Konstruksi Beterbangan, Ada Apa?",15 April 2019 09:48
Ini Saham Pilihan Broker Jelang Pilpres 2019,15 April 2019 08:37
"Sandiaga Lepas Saham Saratoga, Montage Tinggalkan MAP Aktif",15 April 2019 07:45
"Utang Menggunung, Fitch Pangkas Prospek Waskita Jadi Negatif",12 April 2019 20:14
Waskita Karya Tambah Modal untuk Operator Tol Solo-Ngawi,12 April 2019 19:24
Sederet Kisruh Anies vs Pejabat soal LRT yang Bikin Banjir,11 April 2019 09:33
"Dari ADHI, BBRI Hingga MYOR, Simak Rekomendasi Saham Broker",05 April 2019 08:25
"Simak Valuasi Saham BUMN, SMBR Termahal & WSKT Termurah",04 April 2019 12:02
"Dari BBCA hingga TRAM, Simak Rekomendasi Saham Hari Ini",29 March 2019 08:27
"Isu Resesi AS Mereda, Simak Rekomendasi Saham Hari Ini",27 March 2019 08:20
"Bangun Pabrik di Kaltim, WSBP Bakal Terbitkan Obligasi Rp 2 T",15 March 2019 18:50
"Sebelum Hajar Kanan, Simak Rekomendasi Saham Hari Ini!",13 March 2019 08:44
"Dari ASII hingga ASRI, Simak Saham Pilihan Hari Ini",05 March 2019 08:27
"Awali Pekan Ini, Simak Saham Konsumer & Konstruksi",04 March 2019 08:48
"Sentimen Lapkeu Emiten, Simak Saham Pilihan Hari Ini",28 February 2019 08:25
"Kabar Emiten: AirAsia Rugi karena Avtur, Laba Astra Melejit",28 February 2019 08:07
"2018 Laba Waskita Karya Tumbuh 2,08% Jadi Rp 3,96T",27 February 2019 08:43
"Dari WIKA Hingga MYOR, Simak Rekomendasi Saham dari Broker",21 February 2019 08:41
"BBRI Hingga JSMR, Simak Rekomendasi Saham Broker Ini",15 February 2019 08:40
"Gara-gara Credit Suisse, Asing Terus Obral Saham Indonesia",14 February 2019 11:05
"Rumah Dirut Digeledah KPK, Jasa Marga Mengaku Tidak Terkait",13 February 2019 16:33
"Ada Kasus Korupsi, Saham Jasa Marga & Waskita Karya Merosot",13 February 2019 10:10
"Target Laba RALS sampai Nasib BWPT, Cermati Kabar Emiten Ini",13 February 2019 08:11
"Terseret Kasus WSKT, Rumah Dirut Jasa Marga Digeledah KPK",12 February 2019 22:00
"Urunan Rp 63 M, Anak BUMN Kelola Rest Area Tol Trans Jawa",12 February 2019 12:18
"IHSG Keluar dari 6.500, Mari Simak Rekomendasi Saham Hari Ini",12 February 2019 08:31
BUMN Karya Ini Terbitkan Sukuk Perdana Rp 150 M,11 February 2019 18:39
"Optimistis 2019, Waskita Beton Bidik Kontrak Baru Rp 10,39 T",07 February 2019 09:11
"Jelang Imlek, Simak Rekomendasi Saham Broker Hari Ini",04 February 2019 08:30
"Susul WSKT & ADHI, Jasa Marga Gabung Holding Infrastruktur",01 February 2019 18:43
"Terinspirasi LRT Palembang, Waskita Bidik Proyek di Filipina",01 February 2019 13:55
Tol Cimanggis-Cibitung Seksi I Beroperasi Triwulan I 2019,01 February 2019 13:38
"Lepas Persero, WSKT Resmi Jadi Anak Usaha Hutama Karya",01 February 2019 11:28
Belanja Saham Apa Hari Ini? Simak Saham Pilihan Ini,01 February 2019 08:42
"Holding Infrastruktur: WSKT, ADHI, & JSMR Siap Ganti Status",01 February 2019 08:10
Besok Adhi Karya Resmi Masuk Holding Infrastruktur,31 January 2019 11:27
"Tunggu Diteken Jokowi, Dua Holding BUMN Rampung Februari",28 January 2019 15:15
"Dari PGN sampai BCA, Ini Kabar Emiten yang Layak Disimak",18 January 2019 08:19
"Bidik Kontrak Baru Rp 55 T, Ini Rencana Waskita",17 January 2019 17:10
Sah! Waskita Karya Garap Tol Japek Selatan,17 January 2019 13:47
Bidik Saham Apa Hari Ini? Simak Rekomendasi Kali Ini,16 January 2019 08:16
"2018 Loyo, Sektor Konstruksi Diprediksi Cerah Tahun Ini",15 January 2019 14:44
"Defisit Neraca Dagang Nyaris US$ 5 M, Penguatan IHSG Tertahan",15 January 2019 12:51
"IHSG Berpotensi Menguat, Simak Rekomendasi Saham Ini",15 January 2019 08:40
"Ada Sinyal Rebound, Ini Saham Pilihan Broker",09 January 2019 08:47
"Diburu Investor, Saham Konstruksi Melesat di Sesi I",08 January 2019 13:05
"IHSG Bisa Naik Lagi, Cermati 6 Aksi Emiten Ini",08 January 2019 08:02
"Sentimen Positif IHSG Merebak, Cermati 4 Aksi Emiten Ini",07 January 2019 07:46
Waskita Siap Rilis Obligasi Rp 5 T di Semester I,04 January 2019 16:53
Waskita Bidik Laba 2019 Rp 4 T & Rencana IPO Anak Usaha,04 January 2019 16:28
"Perbesar Bisnis Tol, WSKT Tekan Utang Jadi Rp 60 T",04 January 2019 16:14
"Waskita Karya Terima Pembayaran Proyek Rp 36,7 T pada 2018",04 January 2019 15:55
"Hari Ketiga BEI, Saham BUMN Konstruksi Menguat Lagi",04 January 2019 09:48
"Dihantui Perlambatan Global, Simak Saran dari Broker",04 January 2019 08:36
,
"Sentimen Eksternal Masih Dominan, Simak 4 Saham Ini",03 January 2019 09:03
"Tahun Politik, JSMR Kebut Japek Elevated-JORR 2 dan Beli Tol",02 January 2019 13:39
"Dari PGAS sampai WSKT, Cermati Saham-saham Ini",27 December 2018 07:41
"Perbankan Keroyokan Guyur Waskita Karya Rp 14,76 T",26 December 2018 16:53
"Kelar Libur Natal, Inilah Saham Rekomendasi Para Broker",26 December 2018 08:32
"IHSG Dibayangi Mendung, Cermati 7 Kabar Emiten Ini",21 December 2018 08:13
Saham WSKT & JSMR Anjlok Saat Jokowi Resmikan Tol Trans Jawa,20 December 2018 13:53
"The Fed Naikkan Suku Bunga, Apa Saham Rekomendasi Broker?",20 December 2018 08:27
"Diburu Pemodal Institusi, Harga Saham Waskita Beton Naik 7,3%",19 December 2018 16:30
"Kemarin Diobral, Kini Saham Waskita Karya Diborong Investor",19 December 2018 09:56
"Sebelum Transaksi, Simak Dulu Kabar Penggerak Pasar Ini",19 December 2018 08:21
"Dua Pejabatnya Terjerat Korupsi, Saham WSKT Diobral Investor",18 December 2018 09:16
"Bursa Dunia Berguguran, Simak Rekomendasi Saham Berikut Ini",18 December 2018 08:52
"Dari Telkom hingga PayTren, Simak Kabar Penggerak Bursa Ini",17 December 2018 07:54
"Terima Pembayaran, Waskita Optimis Kas Operasional Rp 20 T",14 December 2018 19:19
"Bursa Asia Membara, Simak Rekomendasi Saham Broker",14 December 2018 08:46
"Diburu Pemodal Kakap, Saham Konstruksi Melesat",12 December 2018 14:17
"Atmosfer Mulai Kondusif, Simak Rekomendasi Saham dari Broker",12 December 2018 08:47
"Jelang Pasar Dibuka, Simak Kabar 4 Emiten Ini",04 December 2018 07:47
Waskita Karya Bakal Jual 18 Ruas Tol,03 December 2018 20:10
"Rupiah Kian Bertaji, Harga Saham BUMN Karya Melesat",03 December 2018 10:27
"Secara Teknikal, IHSG Berpotensi Melambung Hari Ini",03 December 2018 08:36
"Buka Tol Bocimi, Jokowi Heran Proyek Bisa Mangkrak 21 Tahun",01 December 2018 14:54
Jokowi Resmikan Tol Bocimi Siang Ini,01 December 2018 10:23
"Perubahan Komposisi Portofolio Asing Membawa IHSG Turun 0,84%",30 November 2018 18:12
"Rawan Profit Taking, Begini Ulasan IHSG Menurut 5 Broker",30 November 2018 09:01
"Sudah Turun Banyak, Saham Konstruksi Mulai Melesat",29 November 2018 10:28
"Menimang-nimang Saham, Simak Rekomendasi 4 Broker",28 November 2018 08:51
Buka-bukaan Bos WIKA Soal Proyek Kereta Cepat Hingga Gesits,24 November 2018 16:08
"Dorong Baja Domestik, KRAS Teken Kontrak dengan 6 BUMN Karya",23 November 2018 17:46
"Saham Emiten Konstruksi Plat Merah Berguguran, Ini Sebabnya",21 November 2018 11:12
Empat Saham Pilihan Yang Patut Dicermati Hari Ini,21 November 2018 09:06
"Wall Street Membara, Simak Rekomendasi 5 Broker",21 November 2018 08:36
"Bingung! Lanjut Reli atau Profit Taking, Simak Ulasan Broker",19 November 2018 08:22
"Saham BUMN Konstruksi Terbang, Respons Pembentukan Holding?",16 November 2018 10:33
"Bingung Pilih Saham Hari Ini, Simak Rekomendasi 4 Broker",16 November 2018 08:50
"IHSG Tertekan Pelemahan Bursa Global, Berikut Rekomendasi Sah",15 November 2018 08:47
7 Emiten Ini Layak Diperhatikan Jelang Pembukaan Bursa,15 November 2018 08:09
"Masuk MSCI Global Standard Indexes, PTBA & TKIM Diburu Asing",14 November 2018 10:36
"Lakukan Rebalancing, MSCI Depak LPPF dan WSKT",14 November 2018 09:48
"2 Hari IHSG Turun di Atas 1%, Simak Rekomendasi Broker",13 November 2018 08:25
"Saham Big Caps Jadi Korban Aturan Free Float, Ini Daftarnya",09 November 2018 17:14
"Metode Perhitungan Diubah, Harga Saham Ini Bakal Koreksi",09 November 2018 15:28
"Tunggu Pengumuman CAD, Investor Obral Saham BUMN Karya",09 November 2018 15:03
"IHSG Rawan Profit Taking, Ini Rekomendasi Saham Para Broker",09 November 2018 08:33
Perhatikan Aksi 8 Emiten Ini Sebelum Perdagangan Dibuka,09 November 2018 08:10
"Anak Usaha WSKT Beri Pinjaman Senilai Rp 498,7 M",08 November 2018 14:27
Analis: Holding BUMN Karya Jadi Sentimen Positif Buat Emiten,08 November 2018 12:09
"Holding BUMN Konstruksi Difinalisasi, Saham WIKA Dkk Melesat",08 November 2018 11:47
"Penguatan IHSG Berlanjut, Ini 5 Saham Teraktif di Bursa",08 November 2018 10:13
"Harga 4 Saham Ini Berpotensi Menguat Hari Ini, Ada Apa?",06 November 2018 08:51
Ada Potensi Penguatan Lanjutan di Dalam 4 Saham Berikut ini,05 November 2018 08:56
"Saham BUMN Konstruksi Naik di Atas 3%, Harganya Sudah Murah?",01 November 2018 14:27
"Secara Teknikal, 4 Saham Ini Masih Berpotensi Menguat",01 November 2018 07:49
"Secara Teknikal, Harga 4 Saham Ini Berpotensi Naik",31 October 2018 07:53
Cermati 4 Saham yang Berpotensi Menguat Hari Ini,30 October 2018 08:20
"Cari Cuan Jelang Akhir Pekan, Simak 4 Saham Ini",26 October 2018 09:03
Cermati 4 Saham Pilihan Hari Ini,23 October 2018 08:55
Cermati Aksi 6 Emiten Berikut Ini,15 October 2018 07:47
Waskita Suntik Modal Rp 400 M untuk Lanjutkan Tol Becakayu,12 October 2018 15:51
"IHSG Masih Berpotensi Koreksi, Perhatikan 4 saham Ini",03 October 2018 08:47
"Empat Saham Ini Masih Berpotensi Menguat, Ini Alasannya!",02 October 2018 08:36
Ingin Bertransaksi Saham Awal Pekan? Cermati Aksi Emiten Ini,01 October 2018 08:14
"Waskita Toll Road Terbitkan MTN Rp 338,8 miliar",28 September 2018 20:38
"IHSG Cenderung Turun, 4 Saham Ini Masih Berpotensi Menguat",26 September 2018 08:11
"Dolar AS Tembus Rp 14.900, Koreksi IHSG Kian Dalam 0,41%",25 September 2018 11:31
"IHSG Dalam Tekanan, 4 Saham Ini Masih Berpotensi Menguat",25 September 2018 08:35
"Perhatikan 4 Saham Ini, Karena Menyimpan Peluang Penguatan",21 September 2018 09:13
"Perang Dagang Bayangi IHSG, Ini Saham Pilihan Broker",19 September 2018 08:14
"Ada Perang Dagang & Rupiah Melemah, IHSG Melemah 0,21%",18 September 2018 17:04
"Pasar Obligasi Diprediksi Menguat, Waktu Beli?",17 September 2018 08:49
Simak Lagi Aksi 7 Emiten di Perdagangan Akhir Pekan Lalu,17 September 2018 06:27
"Waskita Karya Terbitkan Obligasi Rp 2 T, Bunganya 9% - 9,75%",14 September 2018 16:24
"IHSG Berpotensi Terus Menanjak, Simak Proyeksi 4 Saham Ini",10 September 2018 08:29
"IHSG Anjlok 3%, Saham Sektor Konstruksi Bertekuk Lutut",05 September 2018 11:51
"Tren Koreksi IHSG Berlanjut, Hindari 10 Saham Ini",31 August 2018 15:28
"Rupiah Tembus Rp 14.700/US$, Saham Konstruksi Anjlok Dalam",31 August 2018 12:06
"Investor Summit Selesai, Kembali Simak Rekomendasi Saham Ini",30 August 2018 08:40
"Trump Kritik The Fed, Simak Rekomendasi Saham dari Broker Ini",23 August 2018 09:07
"IHSG Merayap Naik, Perhatikan 4 Saham Ini",23 August 2018 08:25
"IHSG Bangkit, 4 Saham Ini Berpotensi Menguat",21 August 2018 08:41
Simak Saham-saham Pilihan Broker untuk Perdagangan Hari Ini,07 August 2018 08:52
"Penguatan IHSG Berlanjut di Sesi II, Simak Saham Berikut Ini",06 August 2018 14:26
"Setelah Tembus 6.000, Ini Saham-saham yang Layak Disimak",02 August 2018 08:44
"Jokowi Rem Infrastruktur, Bagaimana Nasib Saham Konstruksi?",26 July 2018 17:43
"Vale Berbalik Untung, Danamon Terbitkan Obligasi Rp 30 M",26 July 2018 08:09
Cucu Usaha Waskita Karya Tambah Modal di Tol Trans Jawa,25 July 2018 18:05
"Musim Laporan Kinerja, Emiten Ramai-ramai Cetak Kenaikan Laba",24 July 2018 08:14
"Laba Semester I-2018 Waskita Rp 2,99 T, Naik 2 Kali Lipat",23 July 2018 10:08
"IHSG Naik 0,48%, Ini 5 Saham Paling Aktif",18 July 2018 10:09
Saham BUMN Karya Mencoba Awali Pembalikan Tren Positif,18 July 2018 08:25
"Cross Girder Jatuh, Jembatan Kali Kuto Molor Tiga Hari",17 July 2018 10:09
"Penjualan Emas ANTM Naik, WSKT & Insiden Jembatan Kali Kuto",16 July 2018 08:16
"Cross Girder di Kalikuto Jatuh, Waskita: Tak Hambat Proyek",15 July 2018 12:05
"Waskita Divestasi 2 Tol, Incar Rp 3 T",10 July 2018 16:17
Waskita Toll Beri Pinjaman Anak Usaha Senilai Rp 234 M,06 July 2018 10:08
"IHSG Anjlok 1,8%, Ini Deretan Saham Paling 'Murah' Saat Ini",03 July 2018 15:44
"Per Semester I, WSBP Raih Kontrak Baru Rp 2,97T",03 July 2018 15:35
"Laba BRPT Turun 60,93%, GIAA Terbitkan KIK-EBA Rp 4 T",03 July 2018 07:58
WSKT Tingkatkan Modal Waskita Modern Jadi Rp 240 M,02 July 2018 16:50
Saham PTPP Berpotensi Technical Rebound,29 June 2018 10:07
"Jelang Penutupan, Saham-saham Konstruksi Dilepas Investor",28 June 2018 18:18
"Utang BUMN Terus Bertambah, Menteri Rini: Diawasi Terus",08 June 2018 20:22
"Investor Asing Kabur Rp 98,5 M, IHSG Masih Bisa Naik 0,61%",07 June 2018 16:34
"BMRI Naikkan Suku Bunga, WSKT Terbitkan Obligasi",07 June 2018 08:27
"Refinancing Utang, Waskita Karya Terbitkan Obligasi Rp 3,5 T",06 June 2018 20:36
"Kondisi Keuangan Dipantau Menkeu, Ini Jawaban BUMN Karya",28 May 2018 16:55
Saham Waskita dan Adaro Anjlok 3% Lebih,14 May 2018 11:15
"Pemerintah Kaji Buyback, Saham BUMN Terkerek Naik",09 May 2018 13:15
"BCA Untung Besar, Hingga Astra Agro yang Sedang Anjlok",24 April 2018 08:49
"Banyak Kecelakaan, Waskita Bukukan Laba Rp 1,52 T Kuartal I",23 April 2018 17:54
"Mau Cuan Pekan Ini? Saham INDY, BMTR, dan JSMR Bisa Dilirik",23 April 2018 12:29
"Proyek Besutannya Runtuh, Harga saham WIKA Justru Naik 0,59%",18 April 2018 10:04
"Ini Saham LQ45 yang Terkoreksi Pekan Lalu, Tapi Valuasi Murah",16 April 2018 10:50
"ADHI dan AUTO Bagi Dividen, BPKP dan BABP Akan Rights Issue",16 April 2018 08:27
Adhi Karya Bagikan Dividen Rp 103 Miliar dan Ganti Direksi,13 April 2018 17:57
Investor Asing Borong Saham Kalbe Farma Sesi I,12 April 2018 12:31
"Divestasi Ruas Tol Lewat RDPT, Waskita Toll Dapat Rp 5 T",10 April 2018 17:37
Direksi Baru Waskita Karya Punya Target Kontrak Baru Rp 70 T,07 April 2018 08:00
"Waskita Divestasi Enam Ruas Tol Senilai Rp 7,5 T",06 April 2018 22:19
"Waskita Bagi Dividen Rp 776,34 M",06 April 2018 20:25
M. Choliq Teteskan Air Mata Saat Pamit dari Waskita,06 April 2018 20:06
Ini Jajaran Direksi Baru Waskita Karya Setelah Dirombak,06 April 2018 18:45
I Gusti Ngurah Putra Jadi Dirut Baru Waskita Karya,06 April 2018 17:04
"Saham GGRM Naik 1,16%, IHSG Dibuka Menguat Tipis 0,03%",06 April 2018 09:17
"Waskita Beton Precast Targetkan Kontrak Baru Rp 11,52 Triliun",05 April 2018 16:18
"Saham BBCA, WSKT, ADRO dan JSMR Diborong Investor Asing",27 March 2018 09:58
Menteri Rini Klaim BUMN Karya Tak Terbebani Utang,25 March 2018 16:18
INDF Satu-satunya Saham di Daftar LQ45 Tidak Terkoreksi,23 March 2018 14:10
"Empat Direksi Diganti, Saham WSKT Naik 5,45%",21 March 2018 16:40
Ini Direksi Waskita yang Diganti,21 March 2018 15:08
Empat Direksi Waskita Diganti,21 March 2018 14:09
Waskita Terancam Sanksi Hingga Dilarang Garap Proyek Baru,20 March 2018 12:36
"Banyak Kecelakaan, Waskita Bakal Tambah Direksi Khusus",20 March 2018 08:44
"Kecelakaan Lagi, Rini Akan Rombak Jajaran Direksi Waskita",19 March 2018 18:29
"Tak Bertenaga IHSG Gagal Naik, Sesi I Ditutup Melemah",19 March 2018 12:41
"Kecelakaan Proyek Terjadi Lagi, Saham WSKT Kembali Koreksi",19 March 2018 10:03
IHSG Dibayangi Pelemahan Bursa Utama Asia,19 March 2018 09:18
Kecelakaan Proyek Rusunawa Perpanjang Daftar Hitam WSKT,19 March 2018 07:53
"Pasca-Kecelakaan, Waskita Setop Proyek Rusun Pasar Rumput",18 March 2018 19:08
Ini 5 Saham LQ45 dengan Cuan Paling Besar dari Awal Tahun,16 March 2018 15:27
"IHSG Beri Imbal Hasil Negatif, Sektor ini Bisa Dilirik",15 March 2018 19:02
"Rupiah Bergerak Liar, IHSG Masih Bertahan",03 March 2018 14:25
Saham-Saham yang Dihindari Saat IHSG Tertekan,01 March 2018 17:12
"IHSG Menguat Kala Bursa Regional Tertekan, Ini Sebabnya",01 March 2018 13:27
"Banyak Kecelakaan, WSKT Cetak Laba 2017 Rp 4,2 T Naik 131%",01 March 2018 10:51
Waskita Evaluasi Kapasitas untuk Tangani Proyek,28 February 2018 18:30
Menakar Rasio Utang Emiten Konstruksi,22 February 2018 14:01
Tidak akan Berdampak Pada Kinerja Keuangan Emiten Konstruksi,22 February 2018 10:00
Terlalu Banyak Sentimen Negatif Hantui IHSG,22 February 2018 06:15
Tekanan Jual Mendorong IHSG Ditutup Terkoreksi,21 February 2018 16:31
Jangka Pendek Saham Konstruksi Masih Sulit Rebound,21 February 2018 14:34
"Harga Saham WSKT Anjlok 2,95% Dampak Peristiwa Tol Becakayu",21 February 2018 10:06
Hati-hati Tertular Virus Koreksi Wall Street,21 February 2018 05:45
"Proyek Waskita Sering Roboh, Benarkah Karena Overload?",20 February 2018 19:20
Ini Perkembangan Kasus Jalur Pembatas KA Soetta yang Ambruk,20 February 2018 18:59
Insiden Tol Becakayu Bebani Laju IHSG,20 February 2018 16:38
Pemerintah Siapkan Sanksi ke Waskita Karya,20 February 2018 15:59
Proyek MRT dan LRT Layang Juga Dihentikan Sementara,20 February 2018 14:30
"Diwarnai Ambruknya Tiang Proyek Becakayu, IHSG Turun 0,64%",20 February 2018 12:26
Begini Harga Saham WSKT Setiap Proyeknya Mengalami Insiden,20 February 2018 12:04
Regulator Panggil Seluruh Dirut Kontraktor Infrastruktur,20 February 2018 11:15
"Tiang Tol Becakayu Roboh, Jokowi: Segera Perketat Pengawasan",20 February 2018 10:51
"Tiang Proyek Becakayu Roboh, Harga Saham BUMN Karya Anjlok",20 February 2018 10:37
Kronologi Robohnya Tiang Proyek Tol Becakayu,20 February 2018 10:15
"Tiang Proyek Roboh, Saham WSKT Anjlok 1,29%",20 February 2018 09:55
Waskita Target 564 KM Jalan Tol Beroperasi Semester I 2018,14 February 2018 10:02
"Waskita Karya Terbitkan Obligasi Rp 3,45 Triliun",07 February 2018 15:51
"Waskita Beton Terima Pelunasan Proyek Rp 1,8 T",02 February 2018 19:07
Saham Sektor Konstruksi Layak Disimak 2018,29 January 2018 08:36
Pembangunan Infrastruktur Untungkan BUMN Karya,29 January 2018 06:51
Jokowi dan Holdingisasi BUMN,26 January 2018 08:26
Ambil Untung Saham Barang Konsumsi Warnai Sesi I,24 January 2018 12:13
Proyek Infrastruktur Mulai Berdampak ke Kinerja BUMN Karya,23 January 2018 06:21
"11 BUMN Karya Catatkan Pendapatan Rp 175,77 T pada 2017",22 January 2018 22:27
"WSKT Perkirakan Kenaikan Laba Bersih 135,91% Pada 2017",22 January 2018 14:50
Saham Pertambangan Topang Penguatan IHSG,11 January 2018 16:38
